Company Name,Industry,Sub-Industry,Location,Estimated Employees,Estimated Revenue Range,Website,Why They're A Fit,Recommended First Automation,Confidence
Elk Grove Plating,Manufacturing,Metal Finishing,Elk Grove Village,25-40,$5M-$10M,elkgroveplating.com,High-volume job shop with manual quoting and invoicing processes,AP Autopilot,Verify
Accurate Perforating,Manufacturing,Metal Fabrication,Elk Grove Village,30-50,$5M-$15M,accurateperforating.com,Custom metal fabrication with complex PO matching and quality docs,AP Autopilot,Verify
Chicago Gasket,Manufacturing,Industrial Gaskets,Elk Grove Village,20-40,$3M-$8M,chicagogasket.com,Custom manufacturer with quoting and inventory management needs,Supplier Quote Analyzer,Verify
Minco Products,Manufacturing,Metal Stamping,Elk Grove Village,40-60,$8M-$15M,mincoproducts.com,Precision stamping with quality compliance documentation burden,Quality Docs,Verify
Groov-Pin Corporation,Manufacturing,Precision Fasteners,Elk Grove Village,30-50,$5M-$12M,groov-pin.com,Precision parts manufacturer — high volume of POs and quality certs,AP Autopilot,Verify
Midwest Metal Products,Manufacturing,Metal Stamping,Chicago (South Side),20-40,$3M-$8M,midwestmetalproducts.com,Job shop with manual AP and quote comparison,AP Autopilot,Verify
UniPunch Products,Manufacturing,Tooling/Dies,Elk Grove Village,15-30,$3M-$6M,unipunch.com,Tooling manufacturer with supplier quote and PO management pain,Supplier Quote Analyzer,Verify
Precision Metal Fabricating,Manufacturing,Metal Fabrication,McCook,30-50,$5M-$12M,precisionmetal.com,Custom fab shop in McCook industrial corridor — manual invoicing likely,AP Autopilot,Verify
Continental Machines,Manufacturing,Machine Building,Addison,25-45,$5M-$10M,continentalmachines.com,Equipment manufacturer with complex BOMs and supplier management,Supplier Quote Analyzer,Verify
All American Semiconductor,Manufacturing,Electronics,Elk Grove Village,20-35,$5M-$10M,allamericansemi.com,Component distributor/assembler with inventory and order management needs,Production Dashboard,Verify
Scranton Industries,Manufacturing,Plastics,Niles,40-60,$8M-$15M,scrantonindustries.com,Plastic fabrication with quality compliance and multi-system reporting,Quality Docs,Verify
Central Steel & Wire,Manufacturing,Steel Distribution,Bedford Park,60-100,$15M-$20M,centralsteel.com,Steel service center — high invoice volume from suppliers and customers,AP Autopilot,Verify
Custom Aluminum Products,Manufacturing,Aluminum Extrusion,Schaumburg,25-45,$5M-$12M,customaluminum.com,Custom manufacturer with quoting and quality documentation burden,Quality Docs,Verify
Avalon Industries,Manufacturing,CNC Machining,Elk Grove Village,30-50,$5M-$12M,avalonindustries.com,Precision machine shop — ISO compliance docs and multi-vendor AP,AP Autopilot,Verify
Laystrom Manufacturing,Manufacturing,Contract Manufacturing,Elk Grove Village,20-40,$3M-$8M,laystrom.com,Contract manufacturer with quality cert and compliance documentation,Quality Docs,Verify
Fox Valley Molding,Manufacturing,Injection Molding,Aurora,25-40,$5M-$10M,foxvalleymolding.com,Injection molder with high supplier count and manual AP processes,AP Autopilot,Verify
Cee Kay Supply,Manufacturing,Industrial Supply,St. Charles,30-50,$8M-$15M,ceekaysupply.com,Industrial distributor — high volume invoicing and order processing,AP Autopilot,Verify
Aerostar Manufacturing,Manufacturing,Aerospace Components,Elk Grove Village,25-45,$5M-$12M,aerostarmfg.com,Aerospace supplier with AS9100 compliance documentation burden,Quality Docs,Verify
Echo Logistics,Logistics,3PL/Freight Brokerage,Chicago (Loop),60-100,$15M-$20M+,echo.com,Large freight broker — may be too big but good reference. High RFQ volume,Rate Quote Accelerator,Verify
Coyote Logistics,Logistics,3PL/Freight Brokerage,Chicago (Loop),80-100+,$20M+,coyote.com,Major 3PL — likely too large but worth networking. Known for tech adoption,Rate Quote Accelerator,Verify
Sunset Transportation,Logistics,3PL,Chicago Area,40-60,$10M-$20M,sunsettrans.com,Mid-size 3PL with dispatch and customer communication pain points,Dispatch Autopilot,Verify
Kenco Logistics,Logistics,Warehousing/3PL,Joliet,50-80,$10M-$20M,kencogroup.com,Warehousing with document processing and shipment tracking needs,BOL Processor,Verify
R+L Global Logistics,Logistics,Freight Forwarding,Bensenville,30-50,$8M-$15M,rlglobal.com,Near O'Hare — freight forwarding with heavy document processing,BOL Processor,Verify
Circle Logistics,Logistics,Freight Brokerage,Chicago Area,40-60,$10M-$20M,circledelivers.com,Growing broker with quoting speed as competitive differentiator,Rate Quote Accelerator,Verify
Barrett Distribution Centers,Logistics,Warehousing/3PL,Romeoville,50-80,$10M-$20M,barrettdistribution.com,Warehouse operations with shipping doc and customer update needs,Dispatch Autopilot,Verify
Approved Freight Forwarders,Logistics,Freight Forwarding,Elk Grove Village,20-35,$5M-$10M,approvedforwarders.com,Near O'Hare — international freight with heavy documentation burden,BOL Processor,Verify
Midwest Warehouse & Distribution,Logistics,Warehousing,Bedford Park,25-40,$5M-$10M,midwestwarehouse.com,Warehouse in I-55 corridor — shipment tracking and customer updates,Dispatch Autopilot,Verify
AIT Worldwide Logistics,Logistics,3PL,Itasca,60-100,$15M-$20M+,aitworldwide.com,Mid-large 3PL near O'Hare — dispatch and document processing at scale,Dispatch Autopilot,Verify
Logistics Property Company,Logistics,Warehousing,Chicago (South Side),20-35,$5M-$10M,logisticspropco.com,Intermodal area warehouse ops with manual tracking processes,Dispatch Autopilot,Verify
MidAmerica Freight Solutions,Logistics,Freight Brokerage,Naperville,15-30,$3M-$8M,midamericafreight.com,Small broker where quoting speed directly impacts win rate,Rate Quote Accelerator,Verify
Cornerstone Freight Alliance,Logistics,Freight Brokerage,Schaumburg,15-25,$3M-$6M,cornerstonefreight.com,Small broker — every hour saved on quoting is revenue gained,Rate Quote Accelerator,Verify
Ostrow Reisin Berk & Abrams,Professional Services,Accounting/CPA,Chicago (Loop),30-50,$5M-$12M,orba.com,Mid-size CPA firm with client onboarding and report generation burden,Client Onboarding,Verify
Porte Brown,Professional Services,Accounting/CPA,Elk Grove Village,30-45,$5M-$10M,portebrown.com,CPA firm serving manufacturing clients — monthly report generation,Financial Report Autopilot,Verify
Sikich,Professional Services,Accounting/Advisory,Naperville,80-100+,$15M+,sikich.com,Large advisory firm — may be too big but good for networking,Meeting Intelligence,Verify
Wipfli,Professional Services,Accounting/Advisory,Chicago Area,60-100,$15M-$20M,wipfli.com,Advisory firm with proposal generation and client onboarding at scale,Proposal Generator,Verify
Kessler Orlean Silver,Professional Services,Accounting/CPA,Chicago (Loop),20-35,$3M-$8M,koscpa.com,Mid-size CPA — client onboarding and monthly financial reports,Client Onboarding,Verify
Cendrowski Corporate Advisors,Professional Services,Forensic Accounting,Chicago (Loop),15-30,$3M-$6M,cabordeaux.com,Forensic/advisory firm with heavy documentation and report generation,Proposal Generator,Verify
Marcum LLP (Chicago office),Professional Services,Accounting/CPA,Chicago (Loop),30-50,$5M-$10M,marcumllp.com,Regional firm with Chicago presence — proposal and onboarding needs,Client Onboarding,Verify
Levenfeld Pearlstein,Professional Services,Law Firm,Chicago (Loop),40-60,$8M-$15M,lplegal.com,Mid-size law firm with client intake and document-heavy processes,Client Onboarding,Verify
Taft Stettinius & Hollister (Chicago),Professional Services,Law Firm,Chicago (Loop),40-60,$8M-$15M,taftlaw.com,Regional firm — meeting intelligence and client onboarding,Meeting Intelligence,Verify
SmithAmundsen,Professional Services,Law Firm,Chicago (Loop),50-80,$10M-$20M,salawus.com,Mid-size firm with high meeting volume and proposal generation needs,Meeting Intelligence,Verify
Romanucci & Blandin,Professional Services,Law Firm,Chicago (Loop),25-40,$5M-$12M,rblaw.com,Personal injury firm with high client intake volume,Client Onboarding,Verify
Laner Muchin,Professional Services,Law Firm,Chicago (Loop),20-35,$5M-$10M,lanermuchin.com,Employment law firm — meeting-heavy practice with CRM update needs,Meeting Intelligence,Verify
Quarles & Brady (Chicago),Professional Services,Law Firm,Chicago (Loop),30-50,$8M-$15M,quarles.com,Regional firm Chicago office — proposal and onboarding workflows,Proposal Generator,Verify
Edelson PC,Professional Services,Law Firm,Chicago (Loop),25-40,$5M-$12M,edelson.com,Tech-forward plaintiff firm — likely early adopter of AI tools,Email Triage,Verify
Crowe LLP (Chicago),Professional Services,Accounting/Advisory,Chicago (Loop),50-80,$10M-$20M,crowe.com,Large advisory — good networking target even if too big for Tier 1,Meeting Intelligence,Verify
Plante Moran (Chicago),Professional Services,Accounting/CPA,Chicago (Loop),40-60,$8M-$15M,plantemoran.com,Regional CPA firm — proposal generation and client onboarding,Client Onboarding,Verify
Calibraint,Professional Services,IT Consulting,Chicago,15-30,$2M-$5M,calibraint.com,IT consultancy with proposal and client onboarding pain,Proposal Generator,Verify
West Monroe (smaller teams),Professional Services,Management Consulting,Chicago (Loop),80-100+,$15M+,westmonroe.com,Large consultancy — networking target for referrals,Meeting Intelligence,Verify
Thoughtworks (Chicago),Professional Services,IT Consulting,Chicago (Loop),60-100,$15M+,thoughtworks.com,Tech consultancy — potential partner or referral source,Meeting Intelligence,Verify
Clarity Partners,Professional Services,IT Consulting,Chicago (Loop),20-35,$3M-$8M,claritypartners.com,Mid-size IT consultancy with proposal and meeting follow-up needs,Meeting Intelligence,Verify
